Name,Sequence (5' to 3')
chr5-grna,GGATAATGGTGCACTTAA
chr15-grna,TCTACAAAGAGGTGTTAA
chr18-1-grna,CTCCATTCATTAGCCATT
chr18-2-grna,CTTAATGGGTGACGCTAA
chr21-grna,AAGCCCCTTATTATGCTAA
chr10-grna1,AAAATAAATTTAATTGCTG
chr10-grna2,CCAAAATAAATTTAATTGC
chr5target-F,CAACATCCAAGGCATTACAA
chr5target-R,CATAGCGGTCACAGTCTT
chr15target-F,CAGCACTGATGGTGAACT
chr15target-R,TGAGCGATTGTGTGGTAG
chr18target-F,GCTCCGTGAAGATGGAAT
chr18target-R,GCCGAGTTGAGATTTATGTAG
chr10target-F,ACATGAGGGCCTCTCTGACA
chr10target-R,GCTCACCACCAGGTTGAAGT
chr21target-F,GAGTGTGGTTCCCTCAGACC
chr21target-R,ACACAGGAACTGGGCATCTC
actb1-F,TGAGGAAATCGCTGCCCTG
actb1-R,AGGAGTCTTTCTGTCCCATGC
