Gene,first-wave transcribed genes,early ZGA genes,"down-regulated in nanog MO 4hpf (Lee, et al. 2013 Nature)","down-regulated in nanog MO 6hpf (Lee, et al. 2013 Nature)"
ENSDARG00000036282,False,False,False,False
ENSDARG00000070786,False,False,False,False
ENSDARG00000042977,False,False,False,False
ENSDARG00000096921,False,False,False,False
ENSDARG00000104068,False,False,False,False
ENSDARG00000093648,False,False,False,False
ENSDARG00000010519,False,False,False,False
ENSDARG00000100773,False,False,False,False
ENSDARG00000070029,False,False,False,False
ENSDARG00000006546,False,False,False,False
ENSDARG00000114922,False,False,False,False
ENSDARG00000044092,False,False,False,False
ENSDARG00000042139,False,False,False,False
ENSDARG00000036546,False,False,False,False
ENSDARG00000062187,False,False,False,False
ENSDARG00000042485,True,True,False,False
ENSDARG00000094186,False,False,False,False
ENSDARG00000038977,False,False,False,False
ENSDARG00000099103,False,False,False,False
ENSDARG00000073847,False,False,False,False
ENSDARG00000015474,False,False,False,False
ENSDARG00000110594,False,False,False,False
ENSDARG00000052279,True,False,True,False
ENSDARG00000068732,False,False,True,True
ENSDARG00000071727,False,False,False,False
ENSDARG00000077530,False,False,False,True
ENSDARG00000097748,False,False,False,False
ENSDARG00000086819,False,False,False,False
ENSDARG00000003941,False,False,False,True
ENSDARG00000058088,False,False,False,False
ENSDARG00000005150,False,False,False,False
ENSDARG00000103270,False,False,False,False
ENSDARG00000117678,False,False,False,False
ENSDARG00000096429,False,False,False,False
ENSDARG00000019692,False,False,False,False
ENSDARG00000018334,False,False,False,True
ENSDARG00000043581,False,False,False,False
ENSDARG00000028118,False,False,False,False
ENSDARG00000022456,False,False,False,False
ENSDARG00000054916,False,False,False,True
ENSDARG00000055945,False,False,False,False
ENSDARG00000005841,False,False,False,False
ENSDARG00000043661,False,False,False,False
ENSDARG00000094206,False,False,False,False
ENSDARG00000017007,False,False,False,False
ENSDARG00000113979,False,False,False,False
ENSDARG00000079201,False,False,False,False
ENSDARG00000105258,False,False,False,False
ENSDARG00000097709,False,False,False,False
ENSDARG00000003193,False,False,False,True
ENSDARG00000071669,False,False,False,False
ENSDARG00000078624,False,False,False,False
ENSDARG00000113335,False,False,False,False
ENSDARG00000115874,False,False,False,False
ENSDARG00000055100,False,False,False,False
ENSDARG00000098639,False,False,False,False
ENSDARG00000056322,False,False,False,False
ENSDARG00000003544,False,False,False,False
ENSDARG00000097543,False,False,False,False
ENSDARG00000099025,False,False,False,False
ENSDARG00000042548,False,False,False,False
ENSDARG00000070434,False,True,False,True
ENSDARG00000112740,False,False,False,False
ENSDARG00000116871,False,False,False,False
ENSDARG00000071018,False,False,False,False
ENSDARG00000045305,False,False,False,True
ENSDARG00000100995,False,False,False,False
ENSDARG00000045343,False,False,False,False
ENSDARG00000053918,False,False,False,False
ENSDARG00000095451,True,False,False,False
ENSDARG00000070847,False,False,False,False
ENSDARG00000001975,False,False,False,False
ENSDARG00000054632,False,False,False,False
ENSDARG00000054501,False,False,False,False
ENSDARG00000076120,False,False,False,False
ENSDARG00000079605,False,False,False,True
ENSDARG00000020761,False,False,False,False
ENSDARG00000093636,False,False,False,False
ENSDARG00000116723,False,False,False,False
ENSDARG00000042688,False,False,False,True
ENSDARG00000068976,False,False,False,False
ENSDARG00000088638,False,False,False,False
ENSDARG00000012816,False,False,False,False
ENSDARG00000089689,False,False,False,False
ENSDARG00000010571,False,False,False,True
ENSDARG00000018107,False,False,False,False
ENSDARG00000097013,False,False,False,False
ENSDARG00000010717,False,False,False,False
ENSDARG00000020948,False,False,False,False
ENSDARG00000100084,False,False,False,False
ENSDARG00000089291,False,False,False,False
ENSDARG00000104137,False,False,False,False
ENSDARG00000096690,False,False,False,False
ENSDARG00000006120,False,False,False,True
ENSDARG00000115833,False,False,False,False
ENSDARG00000088439,False,False,False,False
ENSDARG00000057671,False,False,False,False
ENSDARG00000021959,False,False,False,False
ENSDARG00000053829,False,False,False,False
ENSDARG00000041065,True,True,True,True
ENSDARG00000002082,False,False,False,True
ENSDARG00000113839,False,False,False,False
ENSDARG00000077352,False,False,False,False
ENSDARG00000069074,False,False,False,False
ENSDARG00000117501,False,False,False,False
ENSDARG00000033683,False,False,False,False
ENSDARG00000092800,False,False,False,False
ENSDARG00000060113,False,False,False,False
ENSDARG00000015199,False,False,False,False
ENSDARG00000041791,False,False,False,False
ENSDARG00000099083,False,False,False,False
ENSDARG00000109568,False,False,False,False
ENSDARG00000104389,False,False,False,False
ENSDARG00000026454,False,False,False,False
ENSDARG00000087519,False,False,False,False
ENSDARG00000096403,False,False,False,False
ENSDARG00000094457,False,False,False,True
ENSDARG00000098529,False,False,False,False
ENSDARG00000039429,False,False,False,False
ENSDARG00000016396,False,False,False,False
ENSDARG00000104458,False,False,False,False
ENSDARG00000100097,False,False,False,False
ENSDARG00000061057,False,False,False,False
ENSDARG00000104101,False,False,False,False
ENSDARG00000054530,False,False,False,False
ENSDARG00000016811,False,False,False,False
ENSDARG00000111831,False,False,False,False
ENSDARG00000068981,False,False,False,False
ENSDARG00000038867,False,False,False,False
ENSDARG00000117820,False,False,False,False
ENSDARG00000080462,False,False,False,False
ENSDARG00000037100,False,False,False,True
ENSDARG00000069543,False,False,False,False
ENSDARG00000111111,False,False,False,False
ENSDARG00000060393,False,False,False,False
ENSDARG00000082738,False,False,False,False
ENSDARG00000081574,False,False,False,False
ENSDARG00000006640,False,False,False,False
ENSDARG00000045417,False,False,False,False
ENSDARG00000027984,False,False,False,False
ENSDARG00000055926,False,False,False,False
ENSDARG00000103994,False,False,False,False
ENSDARG00000117765,False,False,False,False
ENSDARG00000089033,False,False,False,False
ENSDARG00000017240,False,False,False,False
ENSDARG00000036422,False,False,False,True
ENSDARG00000020279,False,False,False,False
ENSDARG00000087030,False,False,False,False
ENSDARG00000001014,False,False,False,False
ENSDARG00000005010,False,False,False,False
ENSDARG00000008192,False,False,False,False
ENSDARG00000054122,False,False,False,False
ENSDARG00000099768,False,False,False,False
ENSDARG00000098057,False,False,False,False
ENSDARG00000012367,False,False,False,False
ENSDARG00000019585,False,False,False,False
ENSDARG00000093170,False,False,False,False
ENSDARG00000070490,False,False,False,False
ENSDARG00000024488,False,False,False,False
ENSDARG00000093036,False,False,False,False
ENSDARG00000007709,False,False,False,False
ENSDARG00000058000,False,False,False,True
ENSDARG00000059815,False,False,False,False
ENSDARG00000051890,False,False,False,False
ENSDARG00000004889,False,False,False,False
ENSDARG00000004251,False,False,False,False
ENSDARG00000058906,False,False,False,False
ENSDARG00000098798,False,False,False,False
ENSDARG00000071570,False,False,False,False
ENSDARG00000098511,False,False,False,False
ENSDARG00000030176,False,False,False,False
ENSDARG00000109601,False,False,False,False
ENSDARG00000113612,False,False,False,False
ENSDARG00000111764,False,False,False,False
ENSDARG00000103638,False,False,False,False
ENSDARG00000029230,False,False,False,False
ENSDARG00000099194,False,False,False,False
ENSDARG00000040284,False,False,False,False
ENSDARG00000041363,False,False,False,False
ENSDARG00000115815,False,False,False,False
ENSDARG00000055672,False,False,False,False
ENSDARG00000037879,True,True,True,False
ENSDARG00000006010,False,False,False,False
ENSDARG00000014907,False,False,False,False
ENSDARG00000074337,False,False,False,False
ENSDARG00000099197,False,False,False,False
ENSDARG00000060089,False,False,False,False
ENSDARG00000074583,False,False,False,False
ENSDARG00000112419,False,False,False,False
ENSDARG00000017703,False,False,False,True
ENSDARG00000057374,False,False,False,False
ENSDARG00000078106,False,False,False,False
ENSDARG00000102756,False,False,False,False
ENSDARG00000028306,False,False,False,False
ENSDARG00000023814,False,False,False,False
ENSDARG00000011496,False,False,False,False
ENSDARG00000004851,False,False,False,False
ENSDARG00000112565,False,False,False,False
ENSDARG00000020469,False,False,False,True
ENSDARG00000042401,False,False,False,False
ENSDARG00000111995,False,False,False,False
ENSDARG00000014775,False,False,False,True
ENSDARG00000061454,False,False,False,False
ENSDARG00000059337,False,True,True,True
ENSDARG00000086449,False,False,False,False
ENSDARG00000017446,False,False,False,False
ENSDARG00000082131,False,False,False,False
ENSDARG00000004597,False,False,False,False
ENSDARG00000100555,False,False,False,False
ENSDARG00000038792,True,True,False,True
ENSDARG00000099060,False,False,False,False
ENSDARG00000088238,False,False,False,False
ENSDARG00000077038,False,False,False,True
ENSDARG00000093797,False,False,False,False
ENSDARG00000011594,False,False,False,True
ENSDARG00000117047,False,False,False,False
ENSDARG00000113162,False,False,False,False
ENSDARG00000034215,False,False,False,False
ENSDARG00000098536,False,False,False,False
ENSDARG00000074085,False,False,False,False
ENSDARG00000077783,False,False,False,False
ENSDARG00000007959,False,False,False,False
ENSDARG00000103672,False,False,False,False
ENSDARG00000117721,False,False,False,False
ENSDARG00000100047,False,False,False,False
ENSDARG00000045155,False,False,False,True
ENSDARG00000103696,False,False,False,False
ENSDARG00000058079,False,False,False,False
ENSDARG00000005541,False,False,False,False
ENSDARG00000069752,False,False,False,False
ENSDARG00000070340,False,False,False,False
ENSDARG00000020946,False,False,False,False
ENSDARG00000042120,False,False,False,False
ENSDARG00000052408,False,False,False,False
ENSDARG00000034541,False,False,False,False
ENSDARG00000024828,False,False,False,True
ENSDARG00000035949,False,False,False,False
ENSDARG00000021372,False,False,False,False
ENSDARG00000031075,False,False,False,False
ENSDARG00000078473,False,False,False,True
ENSDARG00000100558,False,False,False,False
ENSDARG00000055575,False,False,False,False
ENSDARG00000031929,False,True,False,True
ENSDARG00000079500,False,False,False,False
ENSDARG00000018814,False,False,False,False
ENSDARG00000033447,False,False,False,False
ENSDARG00000055076,False,False,False,True
ENSDARG00000106283,False,False,False,False
ENSDARG00000103251,False,False,False,False
ENSDARG00000071198,False,False,False,False
ENSDARG00000043976,False,False,False,True
ENSDARG00000116862,False,False,False,False
ENSDARG00000044541,False,False,False,False
ENSDARG00000107022,False,False,False,False
ENSDARG00000116746,False,False,False,False
ENSDARG00000089697,False,True,False,False
ENSDARG00000001940,False,False,False,False
ENSDARG00000083254,False,False,False,False
ENSDARG00000036074,False,False,False,True
ENSDARG00000076857,True,True,False,False
ENSDARG00000011065,False,False,False,False
ENSDARG00000102905,False,False,False,False
ENSDARG00000103736,False,False,False,False
ENSDARG00000040407,False,False,False,False
ENSDARG00000020301,False,False,False,False
ENSDARG00000077664,False,False,False,False
ENSDARG00000039034,True,True,False,True
ENSDARG00000095513,False,False,False,False
ENSDARG00000099814,False,False,False,False
ENSDARG00000005549,False,False,False,False
ENSDARG00000097374,False,False,False,False
ENSDARG00000041910,False,False,False,False
ENSDARG00000074111,False,False,False,False
ENSDARG00000039270,False,False,False,False
ENSDARG00000102124,False,False,False,False
ENSDARG00000115278,False,False,False,False
ENSDARG00000094662,False,False,False,False
ENSDARG00000075397,False,False,False,False
ENSDARG00000052512,False,False,False,False
ENSDARG00000027687,False,False,False,False
ENSDARG00000017274,False,False,False,False
ENSDARG00000070688,False,False,False,False
ENSDARG00000008263,False,False,False,False
ENSDARG00000113873,False,False,False,False
ENSDARG00000043720,False,False,False,False
ENSDARG00000097200,False,False,False,False
ENSDARG00000113337,False,False,False,False
ENSDARG00000114972,False,False,False,False
ENSDARG00000013500,False,False,False,False
ENSDARG00000004695,False,False,False,True
ENSDARG00000105600,False,False,False,False
ENSDARG00000078251,False,False,False,False
ENSDARG00000094754,False,False,False,False
ENSDARG00000009285,False,False,False,True
ENSDARG00000059596,False,False,False,False
ENSDARG00000096744,False,False,False,False
ENSDARG00000002947,False,False,False,False
ENSDARG00000069386,False,False,False,True
ENSDARG00000042004,False,False,False,True
ENSDARG00000035132,False,False,False,True
ENSDARG00000105190,False,False,False,False
ENSDARG00000060745,False,False,False,False
ENSDARG00000099545,False,False,False,False
ENSDARG00000038639,False,False,False,True
ENSDARG00000087993,False,False,False,False
ENSDARG00000007349,False,False,False,False
ENSDARG00000116829,False,False,False,False
ENSDARG00000111726,False,False,False,False
ENSDARG00000004023,False,False,False,False
ENSDARG00000002722,False,False,False,False
ENSDARG00000086764,False,False,False,False
ENSDARG00000101966,False,False,False,False
ENSDARG00000079891,False,False,False,False
ENSDARG00000040657,False,False,False,False
ENSDARG00000117236,False,False,False,False
ENSDARG00000104576,False,False,False,False
ENSDARG00000097368,False,False,False,False
ENSDARG00000026519,False,False,False,False
ENSDARG00000090949,False,False,False,False
ENSDARG00000068726,False,False,False,False
ENSDARG00000102363,False,False,False,False
ENSDARG00000076290,False,False,False,False
ENSDARG00000098184,False,False,False,False
ENSDARG00000004517,False,False,False,True
ENSDARG00000115614,False,False,False,False
ENSDARG00000017809,False,False,False,True
ENSDARG00000092752,False,False,False,False
ENSDARG00000068398,False,False,False,False
ENSDARG00000093768,False,False,False,True
ENSDARG00000053571,False,False,False,False
ENSDARG00000097526,False,False,False,False
ENSDARG00000041911,False,False,False,True
ENSDARG00000012432,False,False,False,True
ENSDARG00000004954,False,False,False,False
ENSDARG00000010059,False,False,False,False
ENSDARG00000013741,False,False,False,True
ENSDARG00000083047,False,False,False,False
ENSDARG00000040635,False,False,False,False
ENSDARG00000020123,False,False,False,False
ENSDARG00000104307,False,False,False,False
ENSDARG00000042141,False,False,False,False
ENSDARG00000030602,False,False,False,True
ENSDARG00000052182,False,False,False,False
ENSDARG00000007960,False,False,False,False
ENSDARG00000115434,False,False,False,False
ENSDARG00000007975,False,False,False,False
ENSDARG00000069937,False,False,False,False
ENSDARG00000077410,False,False,False,False
ENSDARG00000044083,False,False,False,False
ENSDARG00000000189,False,False,False,False
ENSDARG00000040890,False,False,False,False
ENSDARG00000112814,False,False,False,False
ENSDARG00000052652,False,False,False,False
ENSDARG00000100583,False,False,False,False
ENSDARG00000053485,False,False,False,False
ENSDARG00000085485,False,False,False,False
ENSDARG00000017821,False,False,False,True
ENSDARG00000038067,False,False,False,True
ENSDARG00000116097,False,False,False,False
ENSDARG00000099054,False,False,False,False
ENSDARG00000109664,False,False,False,False
ENSDARG00000017612,False,False,False,False
ENSDARG00000068214,False,False,False,False
ENSDARG00000110891,False,False,False,False
ENSDARG00000075857,False,False,False,False
ENSDARG00000078611,False,False,False,False
ENSDARG00000114880,False,False,False,False
ENSDARG00000016429,False,False,False,True
ENSDARG00000099407,False,False,False,False
ENSDARG00000109479,False,False,False,False
ENSDARG00000104383,False,False,False,False
ENSDARG00000111857,False,False,False,False
ENSDARG00000060477,False,False,False,False
ENSDARG00000109928,False,False,False,False
ENSDARG00000058357,False,False,False,False
ENSDARG00000101106,False,False,False,False
ENSDARG00000045755,False,False,False,True
ENSDARG00000039501,False,False,False,False
ENSDARG00000035434,False,False,False,False
ENSDARG00000069260,False,False,False,False
ENSDARG00000093350,False,False,False,False
ENSDARG00000105418,False,False,False,False
ENSDARG00000053453,False,False,False,False
ENSDARG00000101949,False,False,False,False
ENSDARG00000053896,False,False,False,True
ENSDARG00000079687,False,False,False,True
ENSDARG00000103774,False,False,False,False
ENSDARG00000075831,False,False,True,True
ENSDARG00000101393,False,False,False,False
ENSDARG00000016904,False,False,False,False
ENSDARG00000030236,False,False,False,False
ENSDARG00000010658,False,True,False,False
ENSDARG00000111187,False,False,False,False
ENSDARG00000097855,False,False,False,False
ENSDARG00000060953,False,False,False,False
ENSDARG00000012138,False,False,False,False
ENSDARG00000025212,False,False,False,False
ENSDARG00000035150,False,True,True,True
ENSDARG00000052300,False,False,False,False
ENSDARG00000115768,False,False,False,False
ENSDARG00000058200,False,False,False,False
ENSDARG00000062326,False,False,False,True
ENSDARG00000033604,False,False,False,False
ENSDARG00000110138,False,False,False,False
ENSDARG00000020345,False,False,False,False
ENSDARG00000106972,False,False,False,False
ENSDARG00000040198,False,False,False,False
ENSDARG00000067676,False,False,False,False
ENSDARG00000025319,False,False,False,False
ENSDARG00000012040,True,False,False,False
ENSDARG00000018069,False,False,False,False
ENSDARG00000013125,False,False,False,False
ENSDARG00000086618,False,False,False,True
ENSDARG00000053817,False,False,False,False
ENSDARG00000074858,False,False,False,False
ENSDARG00000025891,False,False,False,False
ENSDARG00000063375,False,False,False,False
ENSDARG00000033706,False,False,False,False
ENSDARG00000079382,False,False,False,False
ENSDARG00000101037,False,False,False,False
ENSDARG00000084222,False,False,False,False
ENSDARG00000109221,False,False,False,False
ENSDARG00000041607,False,False,False,False
ENSDARG00000099645,False,False,False,False
ENSDARG00000020771,False,False,False,False
ENSDARG00000100944,False,False,False,False
ENSDARG00000004930,False,False,False,True
ENSDARG00000017602,False,False,False,False
ENSDARG00000079420,False,False,False,False
ENSDARG00000020656,False,False,False,False
ENSDARG00000038985,False,False,False,False
ENSDARG00000074506,False,False,False,False
ENSDARG00000045371,False,False,False,True
ENSDARG00000103515,False,False,False,False
ENSDARG00000058992,False,False,False,True
ENSDARG00000044336,False,False,False,False
ENSDARG00000035080,False,False,False,False
ENSDARG00000013207,False,False,False,True
ENSDARG00000010953,False,False,False,False
ENSDARG00000088878,False,False,False,False
ENSDARG00000114437,False,False,False,False
ENSDARG00000007198,False,False,False,True
ENSDARG00000034568,False,False,False,False
ENSDARG00000097373,False,False,False,False
ENSDARG00000094605,False,False,False,False
ENSDARG00000004696,False,False,False,False
ENSDARG00000100703,False,False,False,False
ENSDARG00000009567,False,False,False,False
ENSDARG00000113841,False,False,False,False
ENSDARG00000034503,False,False,False,False
ENSDARG00000098029,False,False,False,False
ENSDARG00000076019,False,False,False,False
ENSDARG00000098911,False,False,False,False
ENSDARG00000040851,False,False,False,False
ENSDARG00000103923,False,False,False,False
ENSDARG00000111421,False,False,False,False
ENSDARG00000104726,False,False,False,False
ENSDARG00000060641,False,False,False,False
ENSDARG00000052695,False,False,False,False
ENSDARG00000108175,False,False,False,False
ENSDARG00000035389,False,False,False,False
ENSDARG00000060004,True,True,True,True
ENSDARG00000110847,False,False,False,False
ENSDARG00000041361,False,False,False,False
ENSDARG00000115154,False,False,False,False
ENSDARG00000116512,False,False,False,False
ENSDARG00000034240,False,False,False,True
ENSDARG00000026875,False,False,False,False
ENSDARG00000113861,False,False,False,False
ENSDARG00000035732,False,False,False,False
ENSDARG00000059646,True,False,True,True
ENSDARG00000102551,False,False,False,False
ENSDARG00000069298,False,False,False,False
ENSDARG00000005814,False,False,False,False
ENSDARG00000114833,False,False,False,False
ENSDARG00000084628,False,False,False,False
ENSDARG00000092660,False,False,False,True
ENSDARG00000027065,False,False,False,False
ENSDARG00000076512,False,False,False,False
ENSDARG00000024471,False,False,False,True
ENSDARG00000105792,False,False,False,False
ENSDARG00000085170,False,False,False,False
ENSDARG00000103668,False,False,False,False
ENSDARG00000082113,False,False,False,False
ENSDARG00000010270,False,False,False,False
ENSDARG00000080205,False,False,False,False
ENSDARG00000028517,False,False,False,False
ENSDARG00000102732,False,False,False,False
ENSDARG00000042018,False,False,False,False
ENSDARG00000053082,False,False,False,False
ENSDARG00000061580,False,False,False,False
ENSDARG00000070677,False,False,False,False
ENSDARG00000110389,False,False,False,False
ENSDARG00000113763,False,False,False,False
ENSDARG00000104767,False,False,False,False
ENSDARG00000103949,False,False,False,False
ENSDARG00000103919,False,False,False,False
ENSDARG00000082530,False,False,False,False
ENSDARG00000100513,False,False,False,False
ENSDARG00000115725,False,False,False,False
ENSDARG00000004789,False,False,False,False
ENSDARG00000012829,False,False,False,False
ENSDARG00000031136,False,False,False,False
ENSDARG00000041407,False,False,False,False
ENSDARG00000077847,False,False,False,False
ENSDARG00000098605,False,False,False,False
ENSDARG00000019362,False,True,False,True
ENSDARG00000035360,False,False,False,False
ENSDARG00000091222,False,False,False,False
ENSDARG00000110052,False,False,False,False
ENSDARG00000077813,False,False,False,False
ENSDARG00000096044,False,False,False,False
ENSDARG00000040838,False,False,False,False
ENSDARG00000010442,False,False,False,False
ENSDARG00000019280,False,False,False,False
ENSDARG00000102572,False,False,False,False
ENSDARG00000024904,False,False,False,False
ENSDARG00000092705,False,False,False,False
ENSDARG00000028625,False,False,False,False
ENSDARG00000038990,False,False,False,False
ENSDARG00000085362,False,False,False,False
ENSDARG00000030914,False,False,False,False
ENSDARG00000053544,False,False,False,False
ENSDARG00000097046,False,False,False,False
ENSDARG00000108367,False,False,False,False
ENSDARG00000026611,False,False,False,False
ENSDARG00000039626,False,False,False,False
ENSDARG00000031494,False,False,False,False
ENSDARG00000058260,False,False,False,False
ENSDARG00000004049,False,False,False,True
ENSDARG00000015314,False,False,False,True
ENSDARG00000020122,False,False,False,False
ENSDARG00000105614,False,False,False,False
ENSDARG00000099445,False,False,False,False
ENSDARG00000078654,False,False,False,False
ENSDARG00000029609,False,False,False,False
ENSDARG00000114677,False,False,False,False
ENSDARG00000069280,False,False,False,False
ENSDARG00000013784,True,False,False,False
ENSDARG00000091932,False,False,False,False
ENSDARG00000042129,False,False,False,False
ENSDARG00000114670,False,False,False,False
ENSDARG00000044492,False,False,False,False
ENSDARG00000110897,False,False,False,False
ENSDARG00000035598,False,False,False,True
ENSDARG00000017624,False,False,True,True
ENSDARG00000092439,False,False,False,False
ENSDARG00000034056,False,False,False,False
ENSDARG00000114360,False,False,False,False
ENSDARG00000077224,False,False,False,False
ENSDARG00000088524,False,False,False,False
ENSDARG00000084772,False,False,False,False
ENSDARG00000096797,False,False,False,False
ENSDARG00000003032,False,False,False,False
ENSDARG00000112400,False,False,False,False
ENSDARG00000038239,False,False,False,True
ENSDARG00000113950,False,False,False,False
ENSDARG00000104973,False,False,False,False
ENSDARG00000003169,False,False,False,True
ENSDARG00000097953,False,False,False,False
ENSDARG00000074087,False,False,False,False
ENSDARG00000021113,False,False,False,False
ENSDARG00000104805,False,False,False,False
ENSDARG00000113665,False,False,False,False
ENSDARG00000041215,False,False,False,False
ENSDARG00000011027,False,False,False,False
ENSDARG00000007257,False,False,False,False
ENSDARG00000007179,False,False,False,False
ENSDARG00000097567,False,False,False,False
ENSDARG00000115512,False,False,False,False
ENSDARG00000103004,False,False,False,False
ENSDARG00000018426,False,False,False,False
ENSDARG00000110846,False,False,False,False
ENSDARG00000098119,False,False,False,False
ENSDARG00000060559,False,False,False,True
ENSDARG00000057529,False,False,False,False
ENSDARG00000057683,False,False,False,True
ENSDARG00000054619,False,False,False,False
ENSDARG00000113929,False,False,False,False
ENSDARG00000069030,False,False,False,False
ENSDARG00000103384,False,False,False,False
ENSDARG00000101251,False,False,False,False
ENSDARG00000037574,False,False,False,False
ENSDARG00000078317,False,False,False,False
ENSDARG00000080641,False,False,False,False
ENSDARG00000045596,False,False,False,False
ENSDARG00000100871,False,False,False,False
ENSDARG00000092119,False,False,False,False
ENSDARG00000043260,False,False,False,False
ENSDARG00000089159,False,False,False,False
ENSDARG00000078095,False,False,False,False
ENSDARG00000068096,False,False,False,False
ENSDARG00000094509,False,False,False,False
ENSDARG00000045413,False,False,False,False
ENSDARG00000054186,False,False,False,False
ENSDARG00000111708,False,False,False,False
ENSDARG00000086484,False,False,False,False
ENSDARG00000078640,False,False,False,False
ENSDARG00000091835,False,False,False,False
ENSDARG00000025468,False,False,False,False
ENSDARG00000031968,False,False,False,False
ENSDARG00000039117,False,False,False,False
ENSDARG00000075461,False,False,False,False
ENSDARG00000096761,False,False,False,False
ENSDARG00000007130,False,False,False,True
ENSDARG00000007184,False,False,False,False
ENSDARG00000041728,False,False,False,False
ENSDARG00000059653,False,False,False,False
ENSDARG00000058801,False,False,False,False
ENSDARG00000035540,False,False,False,False
ENSDARG00000095267,False,False,False,False
ENSDARG00000083588,False,False,False,False
ENSDARG00000102171,False,False,False,False
ENSDARG00000079308,False,False,False,False
ENSDARG00000078518,False,False,False,False
ENSDARG00000056515,False,False,False,False
ENSDARG00000096569,False,False,False,False
ENSDARG00000068344,False,False,False,False
ENSDARG00000110080,False,False,False,False
ENSDARG00000057096,False,True,False,False
ENSDARG00000055722,False,False,False,False
ENSDARG00000029124,False,False,False,False
ENSDARG00000099431,False,False,False,False
ENSDARG00000017811,False,False,False,False
ENSDARG00000094025,False,False,False,False
ENSDARG00000006038,False,False,False,True
ENSDARG00000069589,False,False,False,False
ENSDARG00000003257,False,False,False,False
ENSDARG00000091992,False,False,False,False
ENSDARG00000109951,False,False,False,False
ENSDARG00000008255,False,False,False,True
ENSDARG00000112757,False,False,False,False
ENSDARG00000076699,False,False,False,False
ENSDARG00000011851,False,False,False,False
ENSDARG00000030871,False,False,False,False
ENSDARG00000112166,False,False,False,False
ENSDARG00000099705,False,False,False,False
ENSDARG00000093597,False,False,False,False
ENSDARG00000056034,False,False,False,False
ENSDARG00000093232,False,False,False,False
ENSDARG00000117206,False,False,False,False
ENSDARG00000042545,False,False,False,False
ENSDARG00000067831,False,False,False,False
ENSDARG00000103647,False,False,False,False
ENSDARG00000112859,False,False,False,False
ENSDARG00000020887,False,False,False,False
ENSDARG00000025641,False,False,False,False
ENSDARG00000053912,False,False,False,True
ENSDARG00000102579,False,False,False,False
ENSDARG00000090847,False,False,False,False
ENSDARG00000114570,False,False,False,False
ENSDARG00000099943,False,False,False,False
ENSDARG00000003098,False,False,False,False
ENSDARG00000014545,False,False,False,False
ENSDARG00000015829,False,False,False,False
ENSDARG00000079578,False,False,False,False
ENSDARG00000079626,False,False,False,False
ENSDARG00000117183,False,False,False,False
ENSDARG00000112834,False,False,False,False
ENSDARG00000092346,False,False,False,False
ENSDARG00000017803,False,False,False,False
ENSDARG00000032103,False,False,False,False
ENSDARG00000062812,False,False,False,False
ENSDARG00000055855,False,False,False,False
ENSDARG00000029615,False,False,False,False
ENSDARG00000020764,False,False,False,False
ENSDARG00000040021,False,False,False,False
ENSDARG00000036987,True,False,True,True
ENSDARG00000092893,False,False,False,False
ENSDARG00000055543,False,False,False,False
ENSDARG00000098924,False,False,False,False
ENSDARG00000077107,False,False,False,False
ENSDARG00000054252,False,False,False,False
ENSDARG00000105616,False,False,False,False
ENSDARG00000037097,False,False,False,False
ENSDARG00000042484,False,False,False,False
ENSDARG00000108953,False,False,False,False
ENSDARG00000110523,False,False,False,False
ENSDARG00000015176,False,False,False,False
ENSDARG00000027041,False,False,False,False
ENSDARG00000078541,False,False,False,False
ENSDARG00000078502,False,False,False,False
ENSDARG00000070681,False,False,False,False
ENSDARG00000102911,False,False,False,False
ENSDARG00000015472,False,False,False,True
ENSDARG00000035324,False,True,False,True
ENSDARG00000028539,False,False,False,True
ENSDARG00000022319,False,False,False,False
ENSDARG00000110337,False,False,False,False
ENSDARG00000056453,False,False,False,False
ENSDARG00000089088,False,False,False,False
ENSDARG00000008480,False,False,False,False
ENSDARG00000076189,False,False,False,False
ENSDARG00000099199,False,False,False,False
ENSDARG00000024209,False,False,False,True
ENSDARG00000109421,False,False,False,False
ENSDARG00000104793,False,False,False,False
ENSDARG00000062146,False,False,False,True
ENSDARG00000099673,False,False,False,False
ENSDARG00000052789,False,False,False,False
ENSDARG00000061654,False,False,False,False
ENSDARG00000098768,False,False,False,False
ENSDARG00000117062,False,False,False,False
ENSDARG00000078001,False,False,False,False
ENSDARG00000000729,False,False,False,True
ENSDARG00000062000,False,False,False,True
ENSDARG00000023683,False,False,False,False
ENSDARG00000074229,False,False,False,False
ENSDARG00000033012,False,False,False,False
ENSDARG00000040778,False,False,False,False
ENSDARG00000117208,False,False,False,False
ENSDARG00000097372,False,False,False,False
ENSDARG00000097461,False,False,False,False
ENSDARG00000078267,False,False,False,False
ENSDARG00000055295,False,False,False,False
ENSDARG00000075282,False,False,False,False
ENSDARG00000100741,False,False,False,False
ENSDARG00000061195,False,False,False,False
ENSDARG00000012981,False,False,False,False
ENSDARG00000097742,False,False,False,False
ENSDARG00000098433,False,False,False,False
ENSDARG00000076563,False,False,False,False
ENSDARG00000111586,False,False,False,False
ENSDARG00000017901,False,False,False,True
ENSDARG00000015072,False,False,False,False
ENSDARG00000069425,False,False,False,False
ENSDARG00000034270,False,False,False,False
ENSDARG00000062448,False,False,False,False
ENSDARG00000100956,False,False,False,False
ENSDARG00000061391,False,False,False,False
ENSDARG00000062753,False,False,False,False
ENSDARG00000069133,False,False,False,False
ENSDARG00000058740,False,False,False,False
ENSDARG00000020332,False,False,False,False
ENSDARG00000105013,False,False,False,False
ENSDARG00000089076,False,False,False,False
ENSDARG00000074274,False,False,False,False
ENSDARG00000020101,False,False,False,False
ENSDARG00000038066,False,False,False,False
ENSDARG00000040695,False,False,False,False
ENSDARG00000010246,False,False,False,True
ENSDARG00000033099,False,False,False,False
ENSDARG00000009922,False,False,False,False
ENSDARG00000075269,False,False,False,False
ENSDARG00000109530,False,False,False,False
ENSDARG00000010905,False,False,False,False
ENSDARG00000053456,False,False,False,False
ENSDARG00000003270,False,False,False,False
ENSDARG00000020086,False,False,False,True
ENSDARG00000059983,False,False,False,False
ENSDARG00000069698,False,False,False,False
ENSDARG00000020219,False,True,False,True
ENSDARG00000099315,False,False,False,False
ENSDARG00000096878,False,False,False,False
ENSDARG00000099355,False,False,False,False
ENSDARG00000093348,False,False,False,False
ENSDARG00000081841,False,False,False,False
ENSDARG00000007081,False,False,False,False
ENSDARG00000097817,False,False,False,False
ENSDARG00000112250,False,False,False,False
ENSDARG00000054076,False,False,False,False
ENSDARG00000052646,False,False,False,False
ENSDARG00000100515,False,False,False,False
ENSDARG00000037488,False,False,False,False
ENSDARG00000018914,False,False,False,True
ENSDARG00000081284,False,False,False,False
ENSDARG00000012574,False,False,False,True
ENSDARG00000019595,False,False,False,False
ENSDARG00000012449,False,False,False,False
ENSDARG00000053087,False,False,False,False
ENSDARG00000018985,False,False,False,True
ENSDARG00000004697,False,False,False,False
ENSDARG00000078578,False,False,False,False
ENSDARG00000042030,False,False,False,False
ENSDARG00000100906,False,False,False,False
ENSDARG00000113010,False,False,False,False
ENSDARG00000074519,False,False,False,False
ENSDARG00000109703,False,False,False,False
ENSDARG00000075567,False,False,False,False
ENSDARG00000101062,False,False,False,False
ENSDARG00000044847,False,False,False,False
ENSDARG00000094729,True,True,True,True
ENSDARG00000006773,False,False,False,False
ENSDARG00000070441,False,False,False,False
ENSDARG00000104517,False,False,False,False
ENSDARG00000039229,False,False,False,False
ENSDARG00000042045,False,False,False,False
ENSDARG00000038089,False,False,False,False
ENSDARG00000110916,False,False,False,False
ENSDARG00000018351,False,False,False,False
ENSDARG00000061039,False,False,False,True
ENSDARG00000114802,False,False,False,False
ENSDARG00000036305,False,False,False,False
ENSDARG00000108340,False,False,False,False
ENSDARG00000037473,False,False,False,False
ENSDARG00000042725,False,False,False,False
ENSDARG00000117295,False,False,False,False
ENSDARG00000054320,False,False,False,True
ENSDARG00000092539,False,False,False,False
ENSDARG00000076960,False,False,False,False
ENSDARG00000045373,False,False,False,True
ENSDARG00000016968,False,False,False,False
ENSDARG00000074892,False,False,False,False
ENSDARG00000056307,False,False,False,False
ENSDARG00000020693,True,False,False,False
ENSDARG00000062501,False,False,False,False
ENSDARG00000035433,False,False,False,False
ENSDARG00000083189,False,False,False,False
ENSDARG00000079361,False,False,False,False
ENSDARG00000070213,False,False,False,False
ENSDARG00000095993,False,False,False,False
ENSDARG00000015678,False,False,False,False
ENSDARG00000099430,False,False,False,False
ENSDARG00000078734,False,False,False,False
ENSDARG00000061789,False,False,False,False
ENSDARG00000013615,False,False,False,False
ENSDARG00000056830,False,False,False,False
ENSDARG00000045936,False,False,False,False
ENSDARG00000110160,False,False,False,False
ENSDARG00000113020,False,False,False,False
ENSDARG00000040490,False,False,False,False
ENSDARG00000094016,False,False,False,False
ENSDARG00000026654,False,False,False,False
ENSDARG00000059279,False,True,False,False
ENSDARG00000096668,False,False,False,False
ENSDARG00000062137,False,False,False,True
ENSDARG00000001154,False,False,False,False
ENSDARG00000063177,False,False,False,False
ENSDARG00000111032,False,False,False,False
ENSDARG00000060662,False,False,False,False
ENSDARG00000033901,False,False,False,False
ENSDARG00000006125,False,False,False,True
ENSDARG00000044093,False,True,False,True
ENSDARG00000111980,False,False,False,False
ENSDARG00000112038,False,False,False,False
ENSDARG00000001968,False,False,False,False
ENSDARG00000105578,False,False,False,False
ENSDARG00000087893,False,False,False,False
ENSDARG00000024687,False,False,False,False
ENSDARG00000059327,False,True,False,False
ENSDARG00000037393,False,False,False,True
ENSDARG00000042510,False,False,False,False
ENSDARG00000094128,False,False,False,False
ENSDARG00000106551,False,False,False,False
ENSDARG00000067564,False,False,False,False
ENSDARG00000074747,False,False,False,False
ENSDARG00000008131,False,False,False,False
ENSDARG00000092124,False,False,False,False
ENSDARG00000035650,False,False,False,False
ENSDARG00000056111,False,False,False,False
ENSDARG00000059280,False,False,False,False
ENSDARG00000039412,False,False,False,False
ENSDARG00000113401,False,False,False,False
ENSDARG00000081931,False,False,False,False
ENSDARG00000113563,False,False,False,False
ENSDARG00000102120,False,False,False,False
ENSDARG00000079616,False,False,False,False
ENSDARG00000004539,False,False,False,True
ENSDARG00000115301,False,False,False,False
ENSDARG00000095149,False,False,False,False
ENSDARG00000110249,False,False,False,False
ENSDARG00000098288,False,False,False,False
ENSDARG00000056138,False,False,False,True
ENSDARG00000079977,False,False,False,True
ENSDARG00000025555,False,False,False,False
ENSDARG00000056856,False,False,False,False
ENSDARG00000060808,False,False,False,True
ENSDARG00000012002,False,False,False,True
ENSDARG00000012632,False,False,False,False
ENSDARG00000054400,False,False,False,False
ENSDARG00000029928,False,False,False,False
ENSDARG00000033539,True,True,False,True
ENSDARG00000095715,False,False,False,False
ENSDARG00000096239,False,False,False,False
ENSDARG00000010070,False,False,False,False
ENSDARG00000099220,False,False,False,False
ENSDARG00000112338,False,False,False,False
ENSDARG00000059209,False,False,False,False
ENSDARG00000069595,False,False,True,True
ENSDARG00000109244,False,False,False,False
ENSDARG00000028541,False,False,False,False
ENSDARG00000033666,False,False,False,False
ENSDARG00000100400,False,False,False,False
ENSDARG00000062721,False,False,False,False
ENSDARG00000001890,False,False,False,False
ENSDARG00000063390,False,False,False,False
ENSDARG00000104154,False,False,False,False
ENSDARG00000041896,False,False,False,True
ENSDARG00000058996,False,False,False,False
ENSDARG00000003642,False,False,False,False
ENSDARG00000097146,False,False,False,False
ENSDARG00000086055,False,False,False,False
ENSDARG00000037739,False,False,False,False
ENSDARG00000040046,True,True,True,True
ENSDARG00000077047,False,False,False,False
ENSDARG00000095482,False,False,False,False
ENSDARG00000057867,False,False,False,False
ENSDARG00000017220,False,False,False,False
ENSDARG00000069014,False,False,False,False
ENSDARG00000021021,False,False,False,False
ENSDARG00000080924,False,False,False,False
ENSDARG00000063330,False,False,False,False
ENSDARG00000021250,False,False,False,False
ENSDARG00000005015,False,False,False,False
ENSDARG00000116479,False,False,False,False
ENSDARG00000053813,False,False,False,False
ENSDARG00000053222,False,False,False,False
ENSDARG00000039406,False,False,False,False
ENSDARG00000010641,False,False,False,True
ENSDARG00000016725,False,False,False,False
ENSDARG00000113921,False,False,False,False
ENSDARG00000006598,False,False,False,False
ENSDARG00000074927,False,False,False,True
ENSDARG00000111622,False,False,False,False
ENSDARG00000016128,False,False,False,False
ENSDARG00000099837,False,False,False,False
ENSDARG00000056112,False,False,False,False
ENSDARG00000093696,False,False,False,False
ENSDARG00000089326,False,False,False,False
ENSDARG00000042293,False,False,False,False
ENSDARG00000078308,False,False,False,False
ENSDARG00000099273,False,False,False,False
ENSDARG00000115335,False,False,False,False
ENSDARG00000116472,False,False,False,False
ENSDARG00000004452,False,True,False,True
ENSDARG00000017569,False,False,False,False
ENSDARG00000053625,False,False,False,True
ENSDARG00000042815,False,False,False,False
ENSDARG00000077860,False,False,False,False
ENSDARG00000109367,False,False,False,False
ENSDARG00000033489,False,False,False,False
ENSDARG00000101859,False,False,False,False
ENSDARG00000094155,False,False,False,False
ENSDARG00000096667,False,False,False,False
ENSDARG00000105285,False,False,False,False
ENSDARG00000019013,False,False,False,False
ENSDARG00000016706,False,False,False,False
ENSDARG00000111830,False,False,False,False
ENSDARG00000103980,False,False,False,False
ENSDARG00000074575,False,False,False,True
ENSDARG00000103728,False,False,False,False
ENSDARG00000116492,False,False,False,False
ENSDARG00000028628,False,False,False,False
ENSDARG00000086826,False,False,False,True
ENSDARG00000070046,False,False,False,True
ENSDARG00000076486,False,False,False,False
ENSDARG00000019924,False,False,False,False
ENSDARG00000044511,False,False,False,True
ENSDARG00000055151,False,False,False,False
ENSDARG00000101171,False,False,False,False
ENSDARG00000113085,False,False,False,False
ENSDARG00000061473,False,False,False,False
ENSDARG00000113272,False,False,False,False
ENSDARG00000112614,False,False,False,False
ENSDARG00000097731,False,False,False,False
ENSDARG00000104542,False,False,False,False
ENSDARG00000078078,False,False,False,False
ENSDARG00000015887,False,False,False,False
ENSDARG00000116159,False,False,False,False
ENSDARG00000006553,False,False,False,False
ENSDARG00000085130,False,False,False,False
ENSDARG00000101064,False,False,False,False
ENSDARG00000028552,False,False,False,False
ENSDARG00000101130,False,False,False,False
ENSDARG00000069105,True,True,True,True
ENSDARG00000103400,False,False,False,False
ENSDARG00000070081,False,False,False,False
ENSDARG00000060687,False,False,False,False
ENSDARG00000005220,False,False,False,False
ENSDARG00000025436,False,False,False,False
ENSDARG00000076923,False,False,False,False
ENSDARG00000095002,False,False,False,False
ENSDARG00000112813,False,False,False,False
ENSDARG00000099637,False,False,False,False
ENSDARG00000009733,False,False,False,False
ENSDARG00000095214,False,False,False,False
ENSDARG00000115540,False,False,False,False
ENSDARG00000069703,False,False,False,False
ENSDARG00000099812,False,False,False,False
ENSDARG00000109383,False,False,False,False
ENSDARG00000096210,True,False,False,True
ENSDARG00000113820,False,False,False,False
ENSDARG00000023330,True,False,True,True
ENSDARG00000099898,False,False,False,False
ENSDARG00000032651,False,True,False,False
ENSDARG00000070710,False,False,False,False
ENSDARG00000041750,False,False,False,False
ENSDARG00000107642,False,False,False,False
ENSDARG00000035048,False,False,False,False
ENSDARG00000102906,False,False,False,False
ENSDARG00000087165,False,False,False,False
ENSDARG00000010051,False,False,False,False
ENSDARG00000059978,False,False,False,False
ENSDARG00000040881,False,False,False,False
ENSDARG00000088222,False,False,False,False
ENSDARG00000040815,False,False,False,True
ENSDARG00000089432,False,False,False,False
ENSDARG00000081799,False,False,False,False
ENSDARG00000009336,False,False,False,True
ENSDARG00000040432,True,True,False,False
ENSDARG00000003219,False,False,False,False
ENSDARG00000036279,False,False,False,True
ENSDARG00000095619,False,False,False,False
ENSDARG00000117750,False,False,False,False
ENSDARG00000068409,True,False,True,False
ENSDARG00000075931,False,False,False,False
ENSDARG00000055876,False,False,False,False
ENSDARG00000044532,False,False,False,False
ENSDARG00000082778,False,False,False,False
ENSDARG00000019417,True,True,False,True
ENSDARG00000097873,False,False,False,False
ENSDARG00000071497,False,False,True,True
ENSDARG00000097579,False,False,False,False
ENSDARG00000101718,False,False,False,False
ENSDARG00000057987,False,False,False,False
ENSDARG00000110266,False,False,False,False
ENSDARG00000115808,False,False,False,False
ENSDARG00000092499,False,False,False,False
ENSDARG00000081580,False,False,False,False
ENSDARG00000076836,False,False,False,True
ENSDARG00000027461,False,False,False,False
ENSDARG00000021483,False,False,False,False
ENSDARG00000111938,False,False,False,False
ENSDARG00000076865,False,False,False,False
ENSDARG00000098984,False,False,False,False
ENSDARG00000026829,False,False,False,False
ENSDARG00000112580,False,False,False,False
ENSDARG00000036344,False,False,False,False
ENSDARG00000089368,False,False,False,False
ENSDARG00000094171,False,False,False,False
ENSDARG00000037018,False,False,False,False
ENSDARG00000016112,False,False,False,False
ENSDARG00000076182,False,False,False,False
ENSDARG00000036967,False,False,False,False
ENSDARG00000076153,False,False,False,False
ENSDARG00000039299,False,False,False,False
ENSDARG00000019060,False,False,False,True
ENSDARG00000023323,False,False,False,False
ENSDARG00000097621,False,False,False,False
ENSDARG00000010556,False,False,False,False
ENSDARG00000025013,False,False,False,False
ENSDARG00000105479,False,False,False,False
ENSDARG00000016749,False,False,False,False
ENSDARG00000057006,False,False,False,False
ENSDARG00000052700,False,False,False,False
ENSDARG00000005368,False,False,False,False
ENSDARG00000100162,False,False,False,False
ENSDARG00000060941,False,False,False,False
ENSDARG00000071007,False,False,False,False
ENSDARG00000091342,False,False,False,False
ENSDARG00000101540,False,False,False,False
ENSDARG00000091266,False,False,False,False
ENSDARG00000111157,False,False,False,False
ENSDARG00000074428,False,False,False,False
ENSDARG00000013794,False,True,False,False
ENSDARG00000104480,False,False,False,False
ENSDARG00000002403,False,False,False,False
ENSDARG00000060671,False,False,False,False
ENSDARG00000058953,False,False,False,False
ENSDARG00000105282,False,False,False,False
ENSDARG00000060150,False,False,False,True
ENSDARG00000095427,False,False,False,True
ENSDARG00000010981,False,False,False,False
ENSDARG00000002172,False,False,False,False
ENSDARG00000011418,False,False,False,False
ENSDARG00000091511,False,False,False,False
ENSDARG00000035735,False,False,False,False
ENSDARG00000075643,False,False,False,False
ENSDARG00000080775,False,False,False,False
ENSDARG00000036930,False,False,False,False
ENSDARG00000007398,False,False,False,False
ENSDARG00000079741,False,False,False,False
ENSDARG00000035563,False,False,False,True
ENSDARG00000113103,False,False,False,False
ENSDARG00000030949,False,False,False,False
ENSDARG00000101677,False,False,False,False
ENSDARG00000116838,False,False,False,False
ENSDARG00000041839,False,False,False,False
ENSDARG00000040698,False,False,False,True
ENSDARG00000112514,False,False,False,False
ENSDARG00000030116,False,False,False,True
ENSDARG00000005232,False,False,False,True
ENSDARG00000029402,False,False,False,False
ENSDARG00000098641,False,False,False,False
ENSDARG00000045402,False,False,False,False
ENSDARG00000008866,False,False,False,False
ENSDARG00000113682,False,False,False,False
ENSDARG00000100273,False,False,False,False
ENSDARG00000068104,False,False,False,False
ENSDARG00000110195,False,False,False,False
ENSDARG00000055889,False,False,False,False
ENSDARG00000062135,False,False,True,False
ENSDARG00000000563,False,False,False,False
ENSDARG00000042670,False,False,False,True
ENSDARG00000078249,False,False,False,False
ENSDARG00000074849,False,False,False,False
ENSDARG00000044751,False,False,False,False
ENSDARG00000104172,False,False,False,False
ENSDARG00000112759,False,False,False,False
ENSDARG00000098680,False,False,False,False
ENSDARG00000053124,False,False,False,False
ENSDARG00000030251,False,False,False,False
ENSDARG00000038242,False,False,False,True
ENSDARG00000020541,False,False,False,True
ENSDARG00000097663,False,False,False,False
ENSDARG00000038386,False,True,False,False
ENSDARG00000054224,False,False,False,False
ENSDARG00000041576,False,False,False,False
ENSDARG00000101750,False,False,False,False
ENSDARG00000074221,False,False,False,False
ENSDARG00000117389,False,False,False,False
ENSDARG00000057328,False,False,False,False
ENSDARG00000089976,False,False,False,False
ENSDARG00000020298,True,False,False,False
ENSDARG00000035120,False,False,True,True
ENSDARG00000077817,False,False,False,False
ENSDARG00000082495,False,False,False,False
ENSDARG00000010681,False,False,False,False
ENSDARG00000044769,False,False,False,False
ENSDARG00000070013,False,False,False,False
ENSDARG00000103871,False,False,False,False
ENSDARG00000013938,False,False,False,True
ENSDARG00000079930,False,False,False,False
ENSDARG00000112342,False,False,False,False
ENSDARG00000087413,False,False,False,False
ENSDARG00000053386,False,False,False,False
ENSDARG00000104155,False,False,False,False
ENSDARG00000115261,False,False,False,False
ENSDARG00000082177,False,False,False,False
ENSDARG00000052556,False,False,False,False
ENSDARG00000073858,False,False,False,False
ENSDARG00000059001,True,True,False,False
ENSDARG00000053449,False,False,False,False
ENSDARG00000006288,False,False,False,False
ENSDARG00000037760,False,False,False,False
ENSDARG00000068194,False,False,False,False
ENSDARG00000035018,False,False,False,False
ENSDARG00000082428,False,False,False,False
ENSDARG00000070433,False,False,False,False
ENSDARG00000053447,False,False,False,False
ENSDARG00000109557,False,False,False,False
ENSDARG00000028348,False,False,False,False
ENSDARG00000019501,False,False,False,False
ENSDARG00000069808,False,False,False,False
ENSDARG00000098546,False,False,False,False
ENSDARG00000058004,False,False,False,False
ENSDARG00000026762,False,False,False,False
ENSDARG00000092267,False,False,False,False
ENSDARG00000052721,False,False,False,True
ENSDARG00000002607,False,False,False,False
ENSDARG00000105807,False,False,False,False
ENSDARG00000079128,False,False,False,False
ENSDARG00000007065,False,False,False,False
ENSDARG00000061810,False,False,False,False
ENSDARG00000070512,False,False,False,False
ENSDARG00000095895,False,False,False,False
ENSDARG00000114290,False,False,False,False
ENSDARG00000060849,False,False,False,False
ENSDARG00000077709,False,False,False,False
ENSDARG00000098771,False,False,False,False
ENSDARG00000060551,False,False,False,False
ENSDARG00000005690,False,False,False,False
ENSDARG00000062430,False,False,False,False
ENSDARG00000097025,False,False,False,False
ENSDARG00000026081,False,False,False,False
ENSDARG00000094362,False,False,False,False
ENSDARG00000117637,False,False,False,False
ENSDARG00000096271,False,False,False,False
ENSDARG00000025404,False,False,False,False
ENSDARG00000043134,False,False,False,False
ENSDARG00000070494,False,False,False,False
ENSDARG00000117007,False,False,False,False
ENSDARG00000078435,False,False,False,False
ENSDARG00000003732,False,False,False,False
ENSDARG00000035678,False,False,False,False
ENSDARG00000055154,False,False,False,False
ENSDARG00000010823,False,False,False,True
ENSDARG00000060023,False,False,False,False
ENSDARG00000098803,False,False,False,False
ENSDARG00000044062,False,False,False,False
ENSDARG00000007477,False,False,False,False
ENSDARG00000071084,False,False,False,False
ENSDARG00000102418,False,False,False,False
ENSDARG00000096307,False,False,False,False
ENSDARG00000116840,False,False,False,False
ENSDARG00000059933,False,False,False,False
ENSDARG00000042329,False,False,False,False
ENSDARG00000057635,False,False,False,False
ENSDARG00000059965,False,False,False,False
ENSDARG00000100366,False,False,False,False
ENSDARG00000028213,False,False,False,False
ENSDARG00000089075,False,False,False,False
ENSDARG00000017781,False,False,False,False
ENSDARG00000078133,False,False,False,False
ENSDARG00000074565,False,False,False,False
ENSDARG00000092005,False,False,False,False
ENSDARG00000020417,False,False,False,False
ENSDARG00000011235,False,False,False,False
ENSDARG00000081937,False,False,False,False
ENSDARG00000116396,False,False,False,False
ENSDARG00000062427,False,False,False,False
ENSDARG00000109871,False,False,False,False
ENSDARG00000098720,False,False,False,False
ENSDARG00000070426,True,False,False,False
ENSDARG00000035468,False,False,False,True
ENSDARG00000038615,False,False,False,False
ENSDARG00000117516,False,False,False,False
ENSDARG00000070538,False,False,False,False
ENSDARG00000029415,False,False,False,False
ENSDARG00000096851,False,False,False,False
ENSDARG00000018303,False,False,False,True
ENSDARG00000092996,False,False,False,False
ENSDARG00000007786,False,False,False,False
ENSDARG00000054087,False,False,False,False
ENSDARG00000105738,False,False,False,False
ENSDARG00000020001,False,False,False,False
ENSDARG00000105502,False,False,False,False
ENSDARG00000083634,False,False,False,False
ENSDARG00000027491,False,False,False,False
ENSDARG00000111532,False,False,False,False
ENSDARG00000099312,False,False,False,False
ENSDARG00000106545,False,False,False,False
ENSDARG00000105209,False,False,False,False
ENSDARG00000104903,False,False,False,False
ENSDARG00000056618,False,False,False,True
ENSDARG00000007405,False,False,False,False
ENSDARG00000117442,False,False,False,False
ENSDARG00000053138,False,False,False,False
ENSDARG00000090292,False,False,False,False
ENSDARG00000078755,False,False,False,False
ENSDARG00000038789,False,False,False,False
ENSDARG00000051926,False,False,False,False
ENSDARG00000099527,False,False,False,False
ENSDARG00000086631,False,False,False,False
ENSDARG00000017400,False,False,False,False
ENSDARG00000032013,False,False,False,True
ENSDARG00000095365,False,False,False,False
ENSDARG00000116360,False,False,False,False
ENSDARG00000057099,False,False,False,False
ENSDARG00000045091,False,False,False,False
ENSDARG00000038306,False,False,False,True
ENSDARG00000079751,False,False,False,True
ENSDARG00000056102,False,False,False,False
ENSDARG00000056651,False,False,False,False
ENSDARG00000095260,False,False,False,False
ENSDARG00000103959,False,False,False,False
ENSDARG00000075098,False,False,False,False
ENSDARG00000059276,False,False,False,False
ENSDARG00000076351,False,False,False,False
ENSDARG00000110538,False,False,False,False
ENSDARG00000113830,False,False,False,False
ENSDARG00000037587,False,False,False,False
ENSDARG00000090946,False,False,False,False
ENSDARG00000114693,False,False,False,False
ENSDARG00000005915,False,False,False,False
ENSDARG00000061311,False,False,False,False
ENSDARG00000008235,False,False,False,False
ENSDARG00000037199,False,False,False,False
ENSDARG00000011245,False,False,False,True
ENSDARG00000114778,False,False,False,False
ENSDARG00000075116,False,False,False,False
ENSDARG00000054302,False,False,False,False
ENSDARG00000103862,False,False,False,False
ENSDARG00000098903,False,False,False,False
ENSDARG00000028067,False,False,False,False
ENSDARG00000094097,False,False,False,False
ENSDARG00000040633,False,False,False,False
ENSDARG00000056594,False,False,False,True
ENSDARG00000079881,False,False,False,False
ENSDARG00000010052,False,False,False,False
ENSDARG00000102889,False,False,False,False
ENSDARG00000038737,False,False,False,False
ENSDARG00000116355,False,False,False,False
ENSDARG00000063229,False,False,False,False
ENSDARG00000087443,False,False,False,True
ENSDARG00000058108,False,False,False,False
ENSDARG00000010844,False,False,False,False
ENSDARG00000026369,False,False,False,False
ENSDARG00000116816,False,False,False,False
ENSDARG00000102824,False,False,False,False
ENSDARG00000094064,False,False,False,False
ENSDARG00000026473,False,False,False,False
ENSDARG00000036990,False,False,False,False
ENSDARG00000021140,False,False,False,False
ENSDARG00000043241,False,False,False,False
ENSDARG00000091870,False,False,False,False
ENSDARG00000081082,False,False,False,False
ENSDARG00000056141,False,False,False,False
ENSDARG00000044298,False,False,False,False
ENSDARG00000025233,False,False,False,False
ENSDARG00000102898,False,False,False,False
ENSDARG00000022904,False,False,False,False
ENSDARG00000079241,False,False,False,False
ENSDARG00000073721,False,False,False,False
ENSDARG00000060394,False,False,False,False
ENSDARG00000030938,False,False,False,False
ENSDARG00000077487,False,False,False,False
ENSDARG00000106101,False,False,False,False
ENSDARG00000058226,False,False,False,True
ENSDARG00000106182,False,False,False,False
ENSDARG00000087181,False,False,False,False
ENSDARG00000042732,False,False,False,False
ENSDARG00000101279,False,False,False,False
ENSDARG00000088805,False,False,False,False
ENSDARG00000076074,False,False,False,False
ENSDARG00000102917,False,False,False,False
ENSDARG00000015399,False,False,False,False
ENSDARG00000093266,False,False,False,False
ENSDARG00000024619,False,False,False,False
ENSDARG00000042091,False,False,False,False
ENSDARG00000086815,False,False,False,False
ENSDARG00000031907,False,True,False,True
ENSDARG00000053027,False,False,False,False
ENSDARG00000093773,False,False,False,False
ENSDARG00000069382,False,False,True,True
ENSDARG00000005327,False,False,False,False
ENSDARG00000075369,False,False,False,False
ENSDARG00000076752,False,False,False,True
ENSDARG00000113824,False,False,False,False
ENSDARG00000061490,False,False,False,False
ENSDARG00000095600,False,False,False,False
ENSDARG00000009142,False,False,False,False
ENSDARG00000100646,False,False,False,False
ENSDARG00000099009,False,False,False,False
ENSDARG00000069305,False,False,False,False
ENSDARG00000113887,False,False,False,False
ENSDARG00000100940,False,False,False,False
ENSDARG00000032318,False,False,False,False
ENSDARG00000058008,False,False,False,False
ENSDARG00000090369,False,False,False,False
ENSDARG00000076269,False,False,False,False
ENSDARG00000057452,False,False,False,False
ENSDARG00000100358,False,False,False,False
ENSDARG00000062216,False,False,False,False
ENSDARG00000014939,False,False,False,False
ENSDARG00000063626,False,False,False,True
ENSDARG00000005544,False,False,False,False
ENSDARG00000044642,False,False,False,False
ENSDARG00000069469,False,False,False,False
ENSDARG00000070843,False,False,False,False
ENSDARG00000100462,False,False,False,False
ENSDARG00000056855,False,False,False,True
ENSDARG00000078004,False,True,True,True
ENSDARG00000024575,False,False,False,False
ENSDARG00000028845,False,False,False,False
ENSDARG00000019636,False,False,False,False
ENSDARG00000069254,False,False,False,False
ENSDARG00000042000,False,False,False,False
ENSDARG00000075021,False,False,False,False
ENSDARG00000073957,False,False,False,False
ENSDARG00000091203,False,False,False,False
ENSDARG00000077349,False,False,False,False
ENSDARG00000097219,False,False,False,False
ENSDARG00000100731,False,False,False,False
ENSDARG00000091481,False,False,False,False
ENSDARG00000019135,False,False,False,False
ENSDARG00000045490,False,False,False,True
ENSDARG00000073824,False,False,False,False
ENSDARG00000091640,False,False,False,False
ENSDARG00000092181,False,False,False,False
ENSDARG00000028900,False,False,False,False
ENSDARG00000018190,False,False,False,False
ENSDARG00000074310,False,False,False,False
ENSDARG00000063310,False,False,False,False
ENSDARG00000067805,False,False,False,False
ENSDARG00000038785,True,True,True,True
ENSDARG00000026178,False,False,False,False
ENSDARG00000076776,False,False,False,False
ENSDARG00000101637,False,False,False,False
ENSDARG00000070447,False,False,False,False
ENSDARG00000036915,False,False,False,False
ENSDARG00000062590,False,False,False,True
ENSDARG00000036424,False,False,False,False
ENSDARG00000009217,False,False,False,False
ENSDARG00000035325,False,False,False,False
ENSDARG00000097853,False,False,False,False
ENSDARG00000006602,False,False,False,False
ENSDARG00000101145,False,False,False,False
ENSDARG00000001776,False,False,False,False
ENSDARG00000102967,False,False,False,False
ENSDARG00000073920,False,False,False,False
ENSDARG00000114028,False,False,False,False
ENSDARG00000093630,False,False,False,False
ENSDARG00000061478,False,False,False,True
ENSDARG00000094685,False,False,False,False
ENSDARG00000087554,False,False,False,False
ENSDARG00000008540,False,False,False,False
ENSDARG00000014137,False,False,False,True
ENSDARG00000020876,False,False,False,False
ENSDARG00000096740,False,False,False,False
ENSDARG00000043322,False,False,False,False
ENSDARG00000009472,False,False,False,False
ENSDARG00000013705,False,False,False,True
ENSDARG00000093547,False,False,False,False
ENSDARG00000083280,False,False,False,False
ENSDARG00000058736,False,False,False,False
ENSDARG00000101825,False,False,False,False
ENSDARG00000104413,False,False,False,False
ENSDARG00000013274,False,False,False,False
ENSDARG00000052045,False,False,False,False
ENSDARG00000104329,False,False,False,False
ENSDARG00000078310,False,False,False,False
ENSDARG00000101798,False,False,False,False
ENSDARG00000097206,False,False,False,False
ENSDARG00000053804,False,False,False,False
ENSDARG00000105136,False,False,False,False
ENSDARG00000079656,False,False,False,False
ENSDARG00000110684,False,False,False,False
ENSDARG00000104324,False,False,False,False
ENSDARG00000078026,False,False,False,False
ENSDARG00000061437,False,False,False,False
ENSDARG00000073802,False,False,False,False
ENSDARG00000034189,False,False,False,True
ENSDARG00000104782,False,False,False,False
ENSDARG00000019532,False,False,False,False
ENSDARG00000011876,False,False,False,True
ENSDARG00000092856,False,False,False,False
ENSDARG00000043077,False,False,False,False
ENSDARG00000041232,False,True,False,True
ENSDARG00000015374,False,False,False,False
ENSDARG00000060249,False,False,False,True
ENSDARG00000036080,False,False,False,False
ENSDARG00000113632,False,False,False,False
ENSDARG00000101622,False,False,False,False
ENSDARG00000042723,False,False,False,False
ENSDARG00000110271,False,False,False,False
ENSDARG00000112426,False,False,False,False
ENSDARG00000041853,False,False,False,False
ENSDARG00000019566,False,False,False,False
ENSDARG00000116362,False,False,False,False
ENSDARG00000105123,False,False,False,False
ENSDARG00000002538,False,False,False,True
ENSDARG00000045801,False,False,False,False
ENSDARG00000103676,False,False,False,False
ENSDARG00000101834,False,False,False,False
ENSDARG00000099365,False,False,False,False
ENSDARG00000052535,False,False,False,False
ENSDARG00000004757,True,True,False,True
ENSDARG00000111592,False,False,False,False
ENSDARG00000011545,False,False,False,False
ENSDARG00000092321,False,False,False,False
ENSDARG00000078118,False,False,False,False
ENSDARG00000004735,True,True,False,True
ENSDARG00000115011,False,False,False,False
ENSDARG00000002077,False,False,False,False
ENSDARG00000007387,False,False,False,False
ENSDARG00000105580,False,False,False,False
ENSDARG00000077791,False,False,False,False
ENSDARG00000056270,False,False,False,False
ENSDARG00000035290,False,False,False,False
ENSDARG00000030349,False,False,False,False
ENSDARG00000041376,False,False,False,False
ENSDARG00000074979,False,True,False,True
ENSDARG00000075824,False,False,False,False
ENSDARG00000022424,False,False,False,False
ENSDARG00000110566,False,False,False,False
ENSDARG00000074548,False,False,False,False
ENSDARG00000010591,False,False,False,False
ENSDARG00000036966,False,False,False,False
ENSDARG00000102254,False,False,False,False
ENSDARG00000040712,False,False,False,False
ENSDARG00000089207,False,False,False,False
ENSDARG00000006467,False,False,False,True
ENSDARG00000097420,False,False,False,False
ENSDARG00000110215,False,False,False,False
ENSDARG00000115329,False,False,False,False
ENSDARG00000040085,False,False,False,False
ENSDARG00000088315,False,False,False,False
ENSDARG00000093785,False,False,False,False
ENSDARG00000074955,False,False,False,False
ENSDARG00000060348,False,False,False,False
ENSDARG00000067613,False,False,False,False
ENSDARG00000070917,False,False,False,False
ENSDARG00000104837,False,False,False,False
ENSDARG00000103743,False,False,False,False
ENSDARG00000083457,False,False,False,False
ENSDARG00000051940,False,False,False,False
ENSDARG00000099920,False,False,False,False
ENSDARG00000060361,False,False,False,False
ENSDARG00000097195,False,False,False,False
ENSDARG00000059689,False,False,False,False
ENSDARG00000040257,False,False,False,False
ENSDARG00000022832,False,False,False,False
ENSDARG00000076213,False,False,False,False
ENSDARG00000077295,False,False,False,False
ENSDARG00000062178,False,False,False,False
ENSDARG00000040966,False,False,False,False
ENSDARG00000026548,False,False,False,False
ENSDARG00000037916,False,False,False,False
ENSDARG00000016858,False,False,False,True
ENSDARG00000103196,False,False,False,False
ENSDARG00000039064,False,False,False,False
ENSDARG00000043126,True,True,True,True
ENSDARG00000045618,False,False,False,False
ENSDARG00000076627,False,False,False,True
ENSDARG00000040255,False,False,False,False
ENSDARG00000043332,False,False,False,False
ENSDARG00000014340,False,False,False,False
ENSDARG00000039843,False,False,False,False
ENSDARG00000032430,False,False,False,True
ENSDARG00000076171,False,False,False,False
ENSDARG00000038898,False,False,False,False
ENSDARG00000110122,False,False,False,False
ENSDARG00000063144,False,False,False,False
ENSDARG00000044601,False,False,False,False
ENSDARG00000024602,False,False,True,False
ENSDARG00000005092,False,False,False,False
ENSDARG00000036446,False,False,False,False
ENSDARG00000019293,False,False,False,True
ENSDARG00000073709,False,False,False,False
ENSDARG00000083129,False,False,False,False
ENSDARG00000088699,False,False,False,False
ENSDARG00000068428,False,False,False,False
ENSDARG00000062824,False,False,False,False
ENSDARG00000094055,False,False,False,False
ENSDARG00000056892,False,False,False,True
ENSDARG00000074599,False,False,False,False
ENSDARG00000040547,False,False,False,False
ENSDARG00000114506,False,False,False,False
ENSDARG00000113709,False,False,False,False
ENSDARG00000004586,False,False,False,False
ENSDARG00000035521,False,False,False,False
ENSDARG00000045145,False,False,False,False
ENSDARG00000094392,False,False,False,False
ENSDARG00000007247,False,False,False,False
ENSDARG00000078599,False,False,False,False
ENSDARG00000114067,False,False,False,False
ENSDARG00000077298,False,False,False,True
ENSDARG00000052113,False,False,False,False
ENSDARG00000068233,False,False,False,False
ENSDARG00000109130,False,False,False,False
ENSDARG00000011488,False,False,False,False
ENSDARG00000060679,False,False,False,True
ENSDARG00000096630,False,False,False,False
ENSDARG00000076928,False,False,False,False
ENSDARG00000103815,False,False,False,False
ENSDARG00000107376,False,False,False,False
ENSDARG00000061963,False,False,False,True
ENSDARG00000019995,False,False,False,True
ENSDARG00000094992,False,False,False,False
ENSDARG00000096003,False,False,False,True
ENSDARG00000044142,False,False,False,True
ENSDARG00000061974,False,False,False,False
ENSDARG00000100942,False,False,False,False
ENSDARG00000020482,False,False,False,True
ENSDARG00000054723,False,False,False,True
ENSDARG00000099767,False,False,False,False
ENSDARG00000054879,False,False,False,False
ENSDARG00000020594,False,False,False,False
ENSDARG00000056627,False,False,False,False
ENSDARG00000062806,False,False,False,False
ENSDARG00000016483,False,False,False,False
ENSDARG00000009771,False,False,False,False
ENSDARG00000117096,False,False,False,False
ENSDARG00000055479,False,False,False,True
ENSDARG00000082257,False,False,False,False
ENSDARG00000006385,False,False,False,False
ENSDARG00000035905,False,False,False,False
ENSDARG00000060018,False,False,False,False
ENSDARG00000002937,False,False,False,False
ENSDARG00000057053,False,False,False,False
ENSDARG00000068716,False,False,False,False
ENSDARG00000018022,False,False,False,False
ENSDARG00000014722,False,False,False,True
ENSDARG00000110433,False,False,False,False
ENSDARG00000113958,False,False,False,False
ENSDARG00000060116,False,False,False,False
ENSDARG00000053106,False,False,False,False
ENSDARG00000004189,False,False,False,True
ENSDARG00000031702,False,False,False,False
ENSDARG00000079438,False,False,False,False
ENSDARG00000092404,True,False,False,False
ENSDARG00000068156,False,False,False,False
ENSDARG00000109322,False,False,False,False
ENSDARG00000069767,False,False,False,False
ENSDARG00000039020,True,True,False,True
ENSDARG00000069356,False,False,False,False
ENSDARG00000113385,False,False,False,False
ENSDARG00000076532,False,False,False,True
ENSDARG00000015224,False,False,False,False
ENSDARG00000111177,False,False,False,False
ENSDARG00000027078,False,False,False,True
ENSDARG00000070028,False,False,False,False
ENSDARG00000055192,False,False,False,False
ENSDARG00000111695,False,False,False,False
ENSDARG00000027957,False,False,False,False
ENSDARG00000017388,False,False,False,True
ENSDARG00000100149,False,False,False,False
ENSDARG00000016263,False,False,False,False
ENSDARG00000004130,False,False,False,False
ENSDARG00000117366,False,False,False,False
ENSDARG00000042526,False,False,False,True
ENSDARG00000097375,False,False,False,False
ENSDARG00000069058,False,False,False,False
ENSDARG00000105232,False,False,False,False
ENSDARG00000096752,False,False,False,False
ENSDARG00000094475,False,False,False,False
ENSDARG00000104295,False,False,False,False
ENSDARG00000044356,False,False,False,False
ENSDARG00000013763,False,False,False,False
ENSDARG00000081303,False,False,False,False
ENSDARG00000116247,False,False,False,False
ENSDARG00000055653,False,False,False,False
ENSDARG00000013076,False,False,False,False
ENSDARG00000014321,False,False,False,False
ENSDARG00000054749,False,False,False,True
ENSDARG00000100973,False,False,False,False
ENSDARG00000055792,False,False,False,False
ENSDARG00000101178,False,False,False,False
ENSDARG00000101135,False,False,False,False
ENSDARG00000112468,False,False,False,False
ENSDARG00000086324,False,False,False,False
ENSDARG00000037020,False,False,False,False
ENSDARG00000070717,False,False,False,False
ENSDARG00000017748,False,False,False,False
ENSDARG00000102450,False,False,False,False
ENSDARG00000097072,False,False,False,False
ENSDARG00000112939,False,False,False,False
ENSDARG00000041723,False,False,False,False
ENSDARG00000013726,False,False,False,False
ENSDARG00000077622,False,False,False,False
ENSDARG00000016584,False,False,False,False
ENSDARG00000023933,False,False,False,False
ENSDARG00000018399,False,False,False,False
ENSDARG00000002912,False,False,False,True
ENSDARG00000093752,False,False,False,False
ENSDARG00000029482,False,False,False,False
ENSDARG00000062017,False,False,False,False
ENSDARG00000076564,False,False,False,True
ENSDARG00000042936,False,False,False,False
ENSDARG00000036695,False,False,False,False
ENSDARG00000027469,False,False,False,False
ENSDARG00000059601,False,False,False,False
ENSDARG00000032199,False,False,False,False
ENSDARG00000069951,False,False,False,False
ENSDARG00000100079,False,False,False,False
ENSDARG00000071697,False,False,False,False
ENSDARG00000097691,False,False,False,False
ENSDARG00000013950,False,False,False,False
ENSDARG00000056725,True,False,False,True
ENSDARG00000097538,False,False,False,False
ENSDARG00000060601,False,False,False,False
ENSDARG00000036593,False,False,False,False
ENSDARG00000036073,False,False,False,False
ENSDARG00000110404,False,False,False,False
ENSDARG00000114078,False,False,False,False
ENSDARG00000097088,False,False,False,False
ENSDARG00000068729,False,False,False,False
ENSDARG00000104107,False,False,False,False
ENSDARG00000090708,False,False,False,False
ENSDARG00000116282,False,False,False,False
ENSDARG00000004587,False,False,False,False
ENSDARG00000086463,False,False,False,False
ENSDARG00000110745,False,False,False,False
ENSDARG00000054237,False,False,False,False
ENSDARG00000056695,False,False,False,True
ENSDARG00000069168,False,False,False,False
ENSDARG00000104910,False,False,False,False
ENSDARG00000029051,False,False,False,False
ENSDARG00000088711,False,False,False,False
ENSDARG00000097795,False,False,False,False
ENSDARG00000110472,False,False,False,False
ENSDARG00000113051,False,False,False,False
ENSDARG00000005883,False,False,False,False
ENSDARG00000003789,False,False,False,True
ENSDARG00000055162,False,False,False,False
ENSDARG00000012699,False,False,False,True
ENSDARG00000040237,False,False,False,False
ENSDARG00000008986,False,False,False,False
ENSDARG00000076111,False,True,False,False
ENSDARG00000021979,False,False,False,False
ENSDARG00000094197,False,False,False,False
ENSDARG00000030449,False,False,False,True
ENSDARG00000093708,False,False,False,False
ENSDARG00000021046,False,False,False,False
ENSDARG00000098390,False,False,False,False
ENSDARG00000017917,False,True,False,True
ENSDARG00000052157,False,False,False,False
ENSDARG00000077769,False,True,False,False
ENSDARG00000029524,False,False,False,True
ENSDARG00000061631,False,False,False,True
ENSDARG00000101925,False,False,False,False
ENSDARG00000014348,False,False,False,False
ENSDARG00000103412,False,False,False,False
ENSDARG00000079036,True,False,False,False
ENSDARG00000055138,False,False,False,False
ENSDARG00000035990,False,False,False,False
ENSDARG00000037383,False,False,False,False
ENSDARG00000060397,False,False,False,False
ENSDARG00000054181,False,False,False,False
ENSDARG00000021343,False,False,False,False
ENSDARG00000045605,False,False,False,False
ENSDARG00000116271,False,False,False,False
ENSDARG00000056235,False,False,False,False
ENSDARG00000000370,False,False,False,False
ENSDARG00000092535,False,False,False,False
ENSDARG00000060312,False,False,False,False
ENSDARG00000091366,False,False,False,False
ENSDARG00000060723,False,False,False,False
ENSDARG00000070386,False,False,False,False
ENSDARG00000012553,False,False,False,True
ENSDARG00000102300,False,False,False,False
ENSDARG00000063018,False,False,False,False
ENSDARG00000074245,False,False,False,False
ENSDARG00000101823,False,False,False,False
ENSDARG00000090064,False,False,False,False
ENSDARG00000096750,False,False,False,False
ENSDARG00000074098,False,False,False,True
ENSDARG00000110196,False,False,False,False
ENSDARG00000069829,False,False,False,False
ENSDARG00000069774,False,False,False,False
ENSDARG00000034685,False,False,False,False
ENSDARG00000056387,False,False,False,False
ENSDARG00000092337,False,True,False,True
ENSDARG00000044902,False,False,False,False
ENSDARG00000112824,False,False,False,False
ENSDARG00000100573,False,False,False,False
ENSDARG00000070412,False,False,False,False
ENSDARG00000096383,False,False,False,False
ENSDARG00000016132,False,False,False,False
ENSDARG00000094696,False,False,False,False
ENSDARG00000075641,False,False,False,False
ENSDARG00000058606,False,False,False,False
ENSDARG00000104239,False,False,False,False
ENSDARG00000021985,False,False,False,True
ENSDARG00000117335,False,False,False,False
ENSDARG00000114186,False,False,False,False
ENSDARG00000111615,False,False,False,False
ENSDARG00000014386,False,False,False,False
ENSDARG00000054906,True,True,False,False
ENSDARG00000010946,False,False,False,True
ENSDARG00000043105,False,False,False,False
ENSDARG00000044155,False,False,False,False
ENSDARG00000109323,False,False,False,False
ENSDARG00000013655,False,False,False,False
ENSDARG00000095830,False,False,False,False
ENSDARG00000063264,False,False,False,False
ENSDARG00000013310,False,False,False,False
ENSDARG00000010779,False,False,False,False
ENSDARG00000095080,False,False,False,False
ENSDARG00000101844,False,False,False,False
ENSDARG00000007034,False,False,False,False
ENSDARG00000096951,False,False,False,False
ENSDARG00000012458,True,False,False,False
ENSDARG00000093254,False,False,False,False
ENSDARG00000074305,False,False,False,False
ENSDARG00000043873,False,False,False,False
ENSDARG00000070126,False,False,False,True
ENSDARG00000098835,False,False,False,False
ENSDARG00000113187,False,False,False,False
ENSDARG00000099757,False,False,False,False
ENSDARG00000113240,False,False,False,False
ENSDARG00000001898,False,False,False,False
ENSDARG00000033138,False,False,False,False
ENSDARG00000015803,False,False,False,False
ENSDARG00000030224,False,False,False,False
ENSDARG00000008457,False,False,False,False
ENSDARG00000101051,False,False,False,False
ENSDARG00000007369,False,False,False,False
ENSDARG00000112345,False,False,False,False
ENSDARG00000062421,False,False,False,False
ENSDARG00000089345,False,False,False,False
ENSDARG00000034427,False,False,False,False
ENSDARG00000080188,False,False,False,False
ENSDARG00000043821,False,False,False,False
ENSDARG00000069376,False,False,False,False
ENSDARG00000045131,False,False,False,True
ENSDARG00000055365,False,False,False,False
ENSDARG00000101330,False,False,False,False
ENSDARG00000097666,False,False,False,False
ENSDARG00000104393,False,False,False,False
ENSDARG00000109860,False,False,False,False
ENSDARG00000042410,False,False,False,False
ENSDARG00000077468,False,False,False,False
ENSDARG00000094688,False,False,False,False
ENSDARG00000099970,False,False,False,False
ENSDARG00000009134,False,False,False,False
ENSDARG00000063701,False,False,False,False
ENSDARG00000002826,False,False,False,False
ENSDARG00000052480,False,False,False,True
ENSDARG00000058966,False,False,True,True
ENSDARG00000078959,False,False,False,False
ENSDARG00000017591,False,False,False,False
ENSDARG00000113283,False,False,False,False
ENSDARG00000081850,False,False,False,False
ENSDARG00000060054,False,False,False,False
ENSDARG00000102808,False,False,False,False
ENSDARG00000078227,False,False,False,False
ENSDARG00000060853,False,False,False,False
ENSDARG00000030479,False,False,False,False
ENSDARG00000078784,False,False,False,True
ENSDARG00000046106,False,False,False,False
ENSDARG00000004402,False,False,False,False
ENSDARG00000002591,False,False,False,True
ENSDARG00000070339,False,False,False,False
ENSDARG00000052696,False,False,False,False
ENSDARG00000094879,False,False,False,False
ENSDARG00000075126,False,False,False,False
ENSDARG00000029865,False,False,False,True
ENSDARG00000075599,False,False,False,False
ENSDARG00000098860,False,False,False,False
ENSDARG00000016173,False,False,False,True
ENSDARG00000092158,False,False,False,False
ENSDARG00000116616,False,False,False,False
ENSDARG00000062042,False,False,False,False
ENSDARG00000010773,False,False,False,False
ENSDARG00000102470,False,False,False,False
ENSDARG00000012942,False,False,False,True
ENSDARG00000093438,False,False,False,False
ENSDARG00000016765,False,False,False,False
ENSDARG00000021239,False,False,False,False
ENSDARG00000096538,False,False,False,False
ENSDARG00000069928,False,False,False,False
ENSDARG00000089388,False,False,False,False
ENSDARG00000056519,False,False,False,False
ENSDARG00000075625,False,False,False,False
ENSDARG00000085985,False,False,False,False
ENSDARG00000070504,False,False,False,False
ENSDARG00000100087,False,False,False,False
ENSDARG00000091902,False,False,False,True
ENSDARG00000041098,False,False,False,False
ENSDARG00000098078,False,False,False,False
ENSDARG00000112536,False,False,False,False
ENSDARG00000017154,False,False,False,False
ENSDARG00000002840,False,False,False,False
ENSDARG00000117618,False,False,False,False
ENSDARG00000071065,False,False,False,False
ENSDARG00000069114,False,False,False,False
ENSDARG00000097940,False,False,False,False
ENSDARG00000019004,False,False,False,True
ENSDARG00000102266,False,False,False,False
ENSDARG00000058094,False,False,False,False
ENSDARG00000023648,False,False,False,False
ENSDARG00000042671,False,False,False,False
ENSDARG00000024398,False,False,False,False
ENSDARG00000073741,False,False,False,False
ENSDARG00000093605,False,False,False,False
ENSDARG00000062909,False,False,False,True
ENSDARG00000035952,False,False,False,False
ENSDARG00000016548,False,False,False,True
ENSDARG00000113435,False,False,False,False
ENSDARG00000020625,False,False,False,False
ENSDARG00000088332,False,False,False,False
ENSDARG00000098852,False,False,False,False
ENSDARG00000052537,False,False,False,False
ENSDARG00000079110,False,False,False,False
ENSDARG00000105114,False,False,False,False
ENSDARG00000054680,False,False,False,False
ENSDARG00000043317,False,False,False,False
ENSDARG00000056532,False,False,False,False
ENSDARG00000026664,False,False,False,True
ENSDARG00000060398,False,False,False,False
ENSDARG00000040157,False,False,False,False
ENSDARG00000102626,False,False,False,False
ENSDARG00000067607,False,False,False,False
ENSDARG00000005772,False,False,False,False
ENSDARG00000036069,False,False,False,False
ENSDARG00000011515,False,False,False,False
ENSDARG00000094980,False,False,False,False
ENSDARG00000013117,False,False,False,False
ENSDARG00000022176,False,False,False,False
ENSDARG00000016886,False,False,False,False
ENSDARG00000009637,False,False,False,False
ENSDARG00000089838,False,False,False,False
ENSDARG00000078226,False,False,False,False
ENSDARG00000077040,False,False,False,False
ENSDARG00000103953,False,False,False,False
ENSDARG00000069926,False,False,False,False
ENSDARG00000070675,False,False,False,True
ENSDARG00000062745,False,False,False,False
ENSDARG00000058857,False,False,False,False
ENSDARG00000013250,False,False,False,True
ENSDARG00000105693,False,False,False,False
ENSDARG00000096541,False,False,False,False
ENSDARG00000101510,False,False,False,False
ENSDARG00000042123,False,False,False,False
ENSDARG00000017230,False,False,False,False
ENSDARG00000053263,False,False,False,False
ENSDARG00000115792,False,False,False,False
ENSDARG00000076729,False,False,False,False
ENSDARG00000057949,False,False,False,True
ENSDARG00000086551,False,False,False,False
ENSDARG00000091150,False,False,False,False
ENSDARG00000042031,False,False,False,False
ENSDARG00000021789,False,False,False,False
ENSDARG00000022532,False,False,False,False
ENSDARG00000102717,False,False,False,False
ENSDARG00000011665,False,False,False,True
ENSDARG00000037101,False,False,False,False
ENSDARG00000075526,False,False,False,False
ENSDARG00000008487,False,False,False,False
